id,EQUIPMENT_INITIAL,EQUIPMENT_NUMBER,CURRENT_YARD_CIRC7,CURRENT_TRAIN_DATE
141,ACME,3035,NPT,2022-10-30
142,ACME,3038,NPT,2022-10-30
143,ACME,3040,NPT,2022-10-30
144,ACME,3045,NPT,2022-10-30
145,ACME,3070,NPT,2022-10-30
146,ACME,3094,NPT,2022-10-30
147,ACME,3148,NPT,2022-10-30
148,ACME,3257,NPT,2022-10-30
149,ACME,3262,NPT,2022-10-30
158,ACME,3377,NPT,2022-10-30
159,ACME,3426,NPT,2022-10-30
160,ACME,3430,NPT,2022-10-30
161,ACME,3439,NPT,2022-10-30
162,ACME,3471,NPT,2022-10-30
163,ACME,3536,NPT,2022-10-30
164,ACME,3542,NPT,2022-10-30
165,ACME,3561,NPT,2022-10-30
166,ACME,3563,NPT,2022-10-30
167,ACME,3612,NPT,2022-10-30
168,ACME,3942,NPT,2022-10-30
171,ACME,4058,NPT,2022-10-30
172,ACME,4074,NPT,2022-10-30
173,ACME,4083,NPT,2022-10-30
174,ACME,4156,NPT,2022-10-30
175,ACME,4172,NPT,2022-10-30
176,ACME,4182,NPT,2022-10-30
177,ACME,4209,NPT,2022-10-30
178,ACME,4213,NPT,2022-10-30
179,ACME,4303,NPT,2022-10-30
180,ACME,4337,NPT,2022-10-30
181,ACME,4358,NPT,2022-10-30
182,ACME,4366,NPT,2022-10-30
183,ACME,4405,NPT,2022-10-30
184,ACME,4511,NPT,2022-10-30
185,ACME,4560,NPT,2022-10-30
186,ACME,4577,NPT,2022-10-30
187,ACME,4727,NPT,2022-10-30
188,ACME,4743,NPT,2022-10-30
189,ACME,4789,NPT,2022-10-30
190,ACME,4849,NPT,2022-10-30
191,ACME,4907,NPT,2022-10-30
192,ACME,4910,NPT,2022-10-30
193,ACME,4912,NPT,2022-10-30
194,ACME,4966,NPT,2022-10-30
195,ACME,5009,NPT,2022-10-30
196,ACME,5012,NPT,2022-10-30
197,ACME,5086,NPT,2022-10-30
198,ACME,5166,NPT,2022-10-30
199,ACME,5185,NPT,2022-10-30
200,ACME,5200,NPT,2022-10-30
201,ACME,5209,NPT,2022-10-30
202,ACME,5214,NPT,2022-10-30
203,ACME,5219,NPT,2022-10-30
204,ACME,5223,NPT,2022-10-30
205,ACME,5251,NPT,2022-10-30
206,ACME,5277,NPT,2022-10-30
207,ACME,5293,NPT,2022-10-30
208,ACME,5313,NPT,2022-10-30
209,ACME,5322,NPT,2022-10-30
210,ACME,5347,NPT,2022-10-30
211,ACME,5378,NPT,2022-10-30
212,ACME,5528,NPT,2022-10-30
213,ACME,5541,NPT,2022-10-30
214,ACME,5559,NPT,2022-10-30
215,ACME,5562,NPT,2022-10-30
216,ACME,5582,NPT,2022-10-30
217,ACME,5612,NPT,2022-10-30
218,ACME,5652,NPT,2022-10-30
219,ACME,5656,NPT,2022-10-30
220,ACME,5704,NPT,2022-10-30
221,ACME,5730,NPT,2022-10-30
222,ACME,5809,NPT,2022-10-30
223,ACME,5829,NPT,2022-10-30
224,ACME,5879,NPT,2022-10-30
225,ACME,6014,NPT,2022-10-30
226,ACME,6031,NPT,2022-10-30
227,ACME,6043,NPT,2022-10-30
228,ACME,6044,NPT,2022-10-30
229,ACME,6070,NPT,2022-10-30
230,ACME,6125,NPT,2022-10-30
231,ACME,6128,NPT,2022-10-30
232,ACME,6139,NPT,2022-10-30
233,ACME,6174,NPT,2022-10-30
234,ACME,6186,NPT,2022-10-30
235,ACME,6189,NPT,2022-10-30
236,ACME,6194,NPT,2022-10-30
237,ACME,6202,NPT,2022-10-30
238,ACME,6238,NPT,2022-10-30
239,ACME,6243,NPT,2022-10-30
240,ACME,6329,NPT,2022-10-30
241,ACME,6354,NPT,2022-10-30
242,ACME,6356,NPT,2022-10-30
243,ACME,6365,NPT,2022-10-30
244,ACME,6383,NPT,2022-10-30
245,ACME,6397,NPT,2022-10-30
246,ACME,6400,NPT,2022-10-30
247,ACME,6405,NPT,2022-10-30
248,ACME,6489,NPT,2022-10-30
249,ACME,6500,NPT,2022-10-30
250,ACME,6544,NPT,2022-10-30
251,ACME,6633,NPT,2022-10-30
252,ACME,6666,NPT,2022-10-30
253,ACME,6690,NPT,2022-10-30
254,ACME,6703,NPT,2022-10-30
255,ACME,6764,NPT,2022-10-30
1,ACME,11,NPT,2022-10-30
2,ACME,23,NPT,2022-10-30
3,ACME,41,NPT,2022-10-30
4,ACME,73,NPT,2022-10-30
5,ACME,112,NPT,2022-10-30
6,ACME,142,NPT,2022-10-30
7,ACME,205,NPT,2022-10-30
8,ACME,232,NPT,2022-10-30
9,ACME,283,NPT,2022-10-30
10,ACME,305,NPT,2022-10-30
11,ACME,312,NPT,2022-10-30
12,ACME,312,NPT,2022-10-30
13,ACME,318,NPT,2022-10-30
14,ACME,360,NPT,2022-10-30
15,ACME,412,NPT,2022-10-30
16,ACME,419,NPT,2022-10-30
17,ACME,427,NPT,2022-10-30
18,ACME,525,NPT,2022-10-30
19,ACME,536,NPT,2022-10-30
20,ACME,670,NPT,2022-10-30
21,ACME,703,NPT,2022-10-30
22,ACME,710,NPT,2022-10-30
23,ACME,818,NPT,2022-10-30
24,ACME,830,NPT,2022-10-30
25,ACME,897,NPT,2022-10-30
26,ACME,899,NPT,2022-10-30
27,ACME,953,NPT,2022-10-30
28,ACME,985,NPT,2022-10-30
29,ACME,996,NPT,2022-10-30
30,ACME,1003,NPT,2022-10-30
31,ACME,1006,NPT,2022-10-30
32,ACME,1020,NPT,2022-10-30
33,ACME,1033,NPT,2022-10-30
34,ACME,1038,NPT,2022-10-30
35,ACME,1041,NPT,2022-10-30
36,ACME,1041,NPT,2022-10-30
37,ACME,1042,NPT,2022-10-30
38,ACME,1046,NPT,2022-10-30
39,ACME,1053,NPT,2022-10-30
40,ACME,1056,NPT,2022-10-30
41,ACME,1057,NPT,2022-10-30
42,ACME,1057,NPT,2022-10-30
43,ACME,1059,NPT,2022-10-30
44,ACME,1062,NPT,2022-10-30
45,ACME,1079,NPT,2022-10-30
46,ACME,1093,NPT,2022-10-30
47,ACME,1108,NPT,2022-10-30
48,ACME,1111,NPT,2022-10-30
49,ACME,1120,NPT,2022-10-30
50,ACME,1120,NPT,2022-10-30
51,ACME,1128,NPT,2022-10-30
52,ACME,1174,NPT,2022-10-30
53,ACME,1194,NPT,2022-10-30
54,ACME,1201,NPT,2022-10-30
55,ACME,1213,NPT,2022-10-30
56,ACME,1225,NPT,2022-10-30
57,ACME,1233,NPT,2022-10-30
58,ACME,1246,NPT,2022-10-30
59,ACME,1272,NPT,2022-10-30
60,ACME,1294,NPT,2022-10-30
61,ACME,1304,NPT,2022-10-30
62,ACME,1336,NPT,2022-10-30
63,ACME,1339,NPT,2022-10-30
64,ACME,1357,NPT,2022-10-30
65,ACME,1381,NPT,2022-10-30
66,ACME,1414,NPT,2022-10-30
67,ACME,1438,NPT,2022-10-30
68,ACME,1484,NPT,2022-10-30
69,ACME,1486,NPT,2022-10-30
70,ACME,1540,NPT,2022-10-30
71,ACME,1548,NPT,2022-10-30
72,ACME,1565,NPT,2022-10-30
73,ACME,1575,NPT,2022-10-30
74,ACME,1595,NPT,2022-10-30
75,ACME,1621,NPT,2022-10-30
76,ACME,1639,NPT,2022-10-30
77,ACME,1649,NPT,2022-10-30
78,ACME,1655,NPT,2022-10-30
79,ACME,1727,NPT,2022-10-30
80,ACME,1739,NPT,2022-10-30
81,ACME,1741,NPT,2022-10-30
82,ACME,1741,NPT,2022-10-30
83,ACME,1749,NPT,2022-10-30
84,ACME,1750,NPT,2022-10-30
85,ACME,1800,NPT,2022-10-30
86,ACME,1848,NPT,2022-10-30
87,ACME,1884,NPT,2022-10-30
88,ACME,1905,NPT,2022-10-30
89,ACME,1911,NPT,2022-10-30
90,ACME,2006,NPT,2022-10-30
91,ACME,2020,NPT,2022-10-30
92,ACME,2024,NPT,2022-10-30
93,ACME,2063,NPT,2022-10-30
94,ACME,2078,NPT,2022-10-30
95,ACME,2080,NPT,2022-10-30
96,ACME,2082,NPT,2022-10-30
97,ACME,2090,NPT,2022-10-30
98,ACME,2092,NPT,2022-10-30
99,ACME,2103,NPT,2022-10-30
100,ACME,2107,NPT,2022-10-30
101,ACME,2111,NPT,2022-10-30
102,ACME,2113,NPT,2022-10-30
103,ACME,2121,NPT,2022-10-30
104,ACME,2125,NPT,2022-10-30
105,ACME,2129,NPT,2022-10-30
106,ACME,2130,NPT,2022-10-30
107,ACME,2153,NPT,2022-10-30
108,ACME,2178,NPT,2022-10-30
109,ACME,2185,NPT,2022-10-30
110,ACME,2196,NPT,2022-10-30
111,ACME,2198,NPT,2022-10-30
112,ACME,2205,NPT,2022-10-30
113,ACME,2217,NPT,2022-10-30
114,ACME,2221,NPT,2022-10-30
115,ACME,2227,NPT,2022-10-30
116,ACME,2250,NPT,2022-10-30
117,ACME,2262,NPT,2022-10-30
118,ACME,2283,NPT,2022-10-30
119,ACME,2311,NPT,2022-10-30
120,ACME,2340,NPT,2022-10-30
121,ACME,2345,NPT,2022-10-30
122,ACME,2348,NPT,2022-10-30
123,ACME,2350,NPT,2022-10-30
124,ACME,2365,NPT,2022-10-30
125,ACME,2402,NPT,2022-10-30
126,ACME,2440,NPT,2022-10-30
127,ACME,2481,NPT,2022-10-30
128,ACME,2537,NPT,2022-10-30
129,ACME,2635,NPT,2022-10-30
130,ACME,2646,NPT,2022-10-30
131,ACME,2686,NPT,2022-10-30
132,ACME,2702,NPT,2022-10-30
133,ACME,2796,NPT,2022-10-30
134,ACME,2825,NPT,2022-10-30
135,ACME,2914,NPT,2022-10-30
136,ACME,2980,NPT,2022-10-30
137,ACME,3004,NPT,2022-10-30
138,ACME,3011,NPT,2022-10-30
139,ACME,3025,NPT,2022-10-30
140,ACME,3032,NPT,2022-10-30
150,ACME,3272,NPT,2022-10-30
151,ACME,3291,NPT,2022-10-30
152,ACME,3305,NPT,2022-10-30
153,ACME,3305,NPT,2022-10-30
154,ACME,3326,NPT,2022-10-30
155,ACME,3332,NPT,2022-10-30
156,ACME,3345,NPT,2022-10-30
157,ACME,3355,NPT,2022-10-30
169,ACME,4008,NPT,2022-10-30
170,ACME,4019,NPT,2022-10-30
256,ACME,6797,NPT,2022-10-30
257,ACME,6881,NPT,2022-10-30
258,ACME,6934,NPT,2022-10-30
259,ACME,7000,NPT,2022-10-30
260,ACME,7005,NPT,2022-10-30
261,ACME,7011,NPT,2022-10-30
262,ACME,7035,NPT,2022-10-30
263,ACME,7057,NPT,2022-10-30
264,ACME,7078,NPT,2022-10-30
265,ACME,7105,NPT,2022-10-30
266,ACME,7134,NPT,2022-10-30
267,ACME,7138,NPT,2022-10-30
268,ACME,7154,NPT,2022-10-30
269,ACME,7162,NPT,2022-10-30
270,ACME,7169,NPT,2022-10-30
271,ACME,7177,NPT,2022-10-30
272,ACME,7200,NPT,2022-10-30
273,ACME,7206,NPT,2022-10-30
274,ACME,7256,NPT,2022-10-30
275,ACME,7270,NPT,2022-10-30
276,ACME,7316,NPT,2022-10-30
277,ACME,7321,NPT,2022-10-30
278,ACME,7340,NPT,2022-10-30
279,ACME,7387,NPT,2022-10-30
280,ACME,7425,NPT,2022-10-30
281,ACME,7439,NPT,2022-10-30
282,ACME,7464,NPT,2022-10-30
283,ACME,7517,NPT,2022-10-30
284,ACME,7534,NPT,2022-10-30
285,ACME,7547,NPT,2022-10-30
286,ACME,7633,NPT,2022-10-30
287,ACME,7788,NPT,2022-10-30
288,ACME,7934,NPT,2022-10-30
289,ACME,7943,NPT,2022-10-30
290,ACME,7959,NPT,2022-10-30
291,ACME,7996,NPT,2022-10-30
292,ACME,8018,NPT,2022-10-30
293,ACME,8101,NPT,2022-10-30
294,ACME,8116,NPT,2022-10-30
295,ACME,8124,NPT,2022-10-30
296,ACME,8128,NPT,2022-10-30
297,ACME,8129,NPT,2022-10-30
298,ACME,8130,NPT,2022-10-30
299,ACME,8144,NPT,2022-10-30
300,ACME,8226,NPT,2022-10-30
301,ACME,8234,NPT,2022-10-30
302,ACME,8237,NPT,2022-10-30
303,ACME,8298,NPT,2022-10-30
304,ACME,8381,NPT,2022-10-30
305,ACME,8442,NPT,2022-10-30
306,ACME,8451,NPT,2022-10-30
307,ACME,8512,NPT,2022-10-30
308,ACME,8554,NPT,2022-10-30
309,ACME,8630,NPT,2022-10-30
310,ACME,8637,NPT,2022-10-30
311,ACME,8764,NPT,2022-10-30
312,ACME,9025,NPT,2022-10-30
313,ACME,9077,NPT,2022-10-30
314,ACME,9088,NPT,2022-10-30
315,ACME,9241,NPT,2022-10-30
316,ACME,9293,NPT,2022-10-30
317,ACME,9375,NPT,2022-10-30
318,ACME,9401,NPT,2022-10-30
319,ACME,9555,NPT,2022-10-30
320,ACME,9601,NPT,2022-10-30
321,ACME,9617,NPT,2022-10-30
322,ACME,9692,NPT,2022-10-30
323,ACME,9714,NPT,2022-10-30
324,ACME,9717,NPT,2022-10-30
325,ACME,9881,NPT,2022-10-30
326,ACME,10022,NPT,2022-10-30
327,ACME,10089,NPT,2022-10-30
328,ACME,10109,NPT,2022-10-30
329,ACME,10111,NPT,2022-10-30
330,ACME,10112,NPT,2022-10-30
331,ACME,10117,NPT,2022-10-30
332,ACME,10123,NPT,2022-10-30
333,ACME,10132,NPT,2022-10-30
334,ACME,10162,NPT,2022-10-30
335,ACME,10213,NPT,2022-10-30
336,ACME,10238,NPT,2022-10-30
337,ACME,10250,NPT,2022-10-30
338,ACME,10458,NPT,2022-10-30
339,ACME,10467,NPT,2022-10-30
340,ACME,10468,NPT,2022-10-30
341,ACME,10474,NPT,2022-10-30
342,ACME,10518,NPT,2022-10-30
343,ACME,10856,NPT,2022-10-30
344,ACME,10862,NPT,2022-10-30
345,ACME,10873,NPT,2022-10-30
346,ACME,10888,NPT,2022-10-30
347,ACME,10908,NPT,2022-10-30
348,ACME,10943,NPT,2022-10-30
349,ACME,10975,NPT,2022-10-30
350,ACME,11005,NPT,2022-10-30
351,ACME,11040,NPT,2022-10-30
352,ACME,11099,NPT,2022-10-30
353,ACME,11231,NPT,2022-10-30
354,ACME,11255,NPT,2022-10-30
355,ACME,11316,NPT,2022-10-30
356,ACME,11523,NPT,2022-10-30
357,ACME,11641,NPT,2022-10-30
358,ACME,11647,NPT,2022-10-30
359,ACME,11651,NPT,2022-10-30
360,ACME,11715,NPT,2022-10-30
361,ACME,11735,NPT,2022-10-30
362,ACME,11767,NPT,2022-10-30
363,ACME,12144,NPT,2022-10-30
364,ACME,12169,NPT,2022-10-30
365,ACME,12229,NPT,2022-10-30
366,ACME,12235,NPT,2022-10-30
367,ACME,12271,NPT,2022-10-30
368,ACME,12368,NPT,2022-10-30
369,ACME,12520,NPT,2022-10-30
370,ACME,12589,NPT,2022-10-30
371,ACME,12701,NPT,2022-10-30
372,ACME,13067,NPT,2022-10-30
373,ACME,13136,NPT,2022-10-30
374,ACME,13364,NPT,2022-10-30
375,ACME,13450,NPT,2022-10-30
376,ACME,13519,NPT,2022-10-30
377,ACME,13584,NPT,2022-10-30
378,ACME,13586,NPT,2022-10-30
379,ACME,13606,NPT,2022-10-30
380,ACME,13672,NPT,2022-10-30
381,ACME,13984,NPT,2022-10-30
382,ACME,14037,NPT,2022-10-30
383,ACME,14046,NPT,2022-10-30
384,ACME,14055,NPT,2022-10-30
385,ACME,14094,NPT,2022-10-30
386,ACME,14122,NPT,2022-10-30
387,ACME,14128,NPT,2022-10-30
388,ACME,14782,NPT,2022-10-30
389,ACME,15005,NPT,2022-10-30
390,ACME,15057,NPT,2022-10-30
391,ACME,15058,NPT,2022-10-30
392,ACME,15073,NPT,2022-10-30
393,ACME,15126,NPT,2022-10-30
394,ACME,15137,NPT,2022-10-30
395,ACME,15170,NPT,2022-10-30
396,ACME,15187,NPT,2022-10-30
397,ACME,15203,NPT,2022-10-30
398,ACME,15377,NPT,2022-10-30
399,ACME,15459,NPT,2022-10-30
400,ACME,15646,NPT,2022-10-30
401,ACME,15688,NPT,2022-10-30
402,ACME,15714,NPT,2022-10-30
403,ACME,15734,NPT,2022-10-30
404,ACME,15911,NPT,2022-10-30
405,ACME,16013,NPT,2022-10-30
406,ACME,16058,NPT,2022-10-30
407,ACME,16248,NPT,2022-10-30
408,ACME,16420,NPT,2022-10-30
409,ACME,16501,NPT,2022-10-30
410,ACME,16605,NPT,2022-10-30
411,ACME,16890,NPT,2022-10-30
412,ACME,16897,NPT,2022-10-30
413,ACME,17082,NPT,2022-10-30
414,ACME,17114,NPT,2022-10-30
415,ACME,17215,NPT,2022-10-30
416,ACME,17243,NPT,2022-10-30
417,ACME,17288,NPT,2022-10-30
418,ACME,17446,NPT,2022-10-30
419,ACME,17598,NPT,2022-10-30
420,ACME,17633,NPT,2022-10-30
421,ACME,17766,NPT,2022-10-30
422,ACME,18243,NPT,2022-10-30
423,ACME,18514,NPT,2022-10-30
424,ACME,18532,NPT,2022-10-30
425,ACME,18540,NPT,2022-10-30
426,ACME,19051,NPT,2022-10-30
427,ACME,19093,NPT,2022-10-30
428,ACME,19198,NPT,2022-10-30
429,ACME,19266,NPT,2022-10-30
430,ACME,19494,NPT,2022-10-30
431,ACME,19495,NPT,2022-10-30
432,ACME,19519,NPT,2022-10-30
433,ACME,19742,NPT,2022-10-30
434,ACME,20031,NPT,2022-10-30
435,ACME,20056,NPT,2022-10-30
436,ACME,20076,NPT,2022-10-30
437,ACME,20184,NPT,2022-10-30
438,ACME,20212,NPT,2022-10-30
439,ACME,20294,NPT,2022-10-30
440,ACME,20334,NPT,2022-10-30
441,ACME,20358,NPT,2022-10-30
442,ACME,20485,NPT,2022-10-30
443,ACME,20505,NPT,2022-10-30
444,ACME,20586,NPT,2022-10-30
445,ACME,20626,NPT,2022-10-30
446,ACME,20788,NPT,2022-10-30
447,ACME,20826,NPT,2022-10-30
448,ACME,20869,NPT,2022-10-30
449,ACME,20880,NPT,2022-10-30
450,ACME,20889,NPT,2022-10-30
451,ACME,20997,NPT,2022-10-30
452,ACME,21015,NPT,2022-10-30
453,ACME,21038,NPT,2022-10-30
454,ACME,21088,NPT,2022-10-30
455,ACME,21142,NPT,2022-10-30
456,ACME,21172,NPT,2022-10-30
457,ACME,21294,NPT,2022-10-30
458,ACME,21335,NPT,2022-10-30
459,ACME,21351,NPT,2022-10-30
460,ACME,21677,NPT,2022-10-30
461,ACME,21689,NPT,2022-10-30
462,ACME,21727,NPT,2022-10-30
463,ACME,21743,NPT,2022-10-30
464,ACME,21850,NPT,2022-10-30
465,ACME,21866,NPT,2022-10-30
466,ACME,21892,NPT,2022-10-30
467,ACME,22100,NPT,2022-10-30
468,ACME,22183,NPT,2022-10-30
469,ACME,22222,NPT,2022-10-30
470,ACME,22228,NPT,2022-10-30
471,ACME,22239,NPT,2022-10-30
472,ACME,22435,NPT,2022-10-30
473,ACME,22556,NPT,2022-10-30
474,ACME,22658,NPT,2022-10-30
475,ACME,22668,NPT,2022-10-30
476,ACME,22675,NPT,2022-10-30
477,ACME,22682,NPT,2022-10-30
478,ACME,22959,NPT,2022-10-30
479,ACME,22970,NPT,2022-10-30
480,ACME,23088,NPT,2022-10-30
481,ACME,23112,NPT,2022-10-30
482,ACME,23269,NPT,2022-10-30
483,ACME,23297,NPT,2022-10-30
484,ACME,23425,NPT,2022-10-30
485,ACME,23458,NPT,2022-10-30
486,ACME,23467,NPT,2022-10-30
487,ACME,23584,NPT,2022-10-30
488,ACME,23590,NPT,2022-10-30
489,ACME,23667,NPT,2022-10-30
490,ACME,24531,NPT,2022-10-30
491,ACME,24634,NPT,2022-10-30
492,ACME,24663,NPT,2022-10-30
493,ACME,25025,NPT,2022-10-30
494,ACME,25477,NPT,2022-10-30
495,ACME,25551,NPT,2022-10-30
496,ACME,26024,NPT,2022-10-30
497,ACME,26123,NPT,2022-10-30
498,ACME,26289,NPT,2022-10-30
499,ACME,26293,NPT,2022-10-30
500,ACME,26297,NPT,2022-10-30
501,ACME,26363,NPT,2022-10-30
502,ACME,26520,NPT,2022-10-30
503,ACME,26606,NPT,2022-10-30
504,ACME,26607,NPT,2022-10-30
505,ACME,26636,NPT,2022-10-30
506,ACME,26654,NPT,2022-10-30
507,ACME,26760,NPT,2022-10-30
508,ACME,27016,NPT,2022-10-30
509,ACME,27776,NPT,2022-10-30
510,ACME,28042,NPT,2022-10-30
511,ACME,28232,NPT,2022-10-30
512,ACME,28353,NPT,2022-10-30
513,ACME,28441,NPT,2022-10-30
514,ACME,28636,NPT,2022-10-30
515,ACME,28685,NPT,2022-10-30
516,ACME,28736,NPT,2022-10-30
517,ACME,28796,NPT,2022-10-30
518,ACME,28858,NPT,2022-10-30
519,ACME,28913,NPT,2022-10-30
520,ACME,28973,NPT,2022-10-30
521,ACME,29305,NPT,2022-10-30
522,ACME,29347,NPT,2022-10-30
523,ACME,30008,NPT,2022-10-30
524,ACME,30020,NPT,2022-10-30
525,ACME,30028,NPT,2022-10-30
526,ACME,30057,NPT,2022-10-30
527,ACME,30142,NPT,2022-10-30
528,ACME,30241,NPT,2022-10-30
529,ACME,30341,NPT,2022-10-30
530,ACME,30438,NPT,2022-10-30
531,ACME,30527,NPT,2022-10-30
532,ACME,30720,NPT,2022-10-30
533,ACME,30759,NPT,2022-10-30
534,ACME,31113,NPT,2022-10-30
535,ACME,31121,NPT,2022-10-30
536,ACME,31162,NPT,2022-10-30
537,ACME,31168,NPT,2022-10-30
538,ACME,32006,NPT,2022-10-30
539,ACME,32013,NPT,2022-10-30
540,ACME,32033,NPT,2022-10-30
541,ACME,32091,NPT,2022-10-30
542,ACME,32141,NPT,2022-10-30
543,ACME,32226,NPT,2022-10-30
544,ACME,32300,NPT,2022-10-30
545,ACME,32316,NPT,2022-10-30
546,ACME,32322,NPT,2022-10-30
547,ACME,32740,NPT,2022-10-30
548,ACME,32839,NPT,2022-10-30
549,ACME,32990,NPT,2022-10-30
550,ACME,33002,NPT,2022-10-30
551,ACME,33115,NPT,2022-10-30
552,ACME,33137,NPT,2022-10-30
553,ACME,33226,NPT,2022-10-30
554,ACME,33542,NPT,2022-10-30
555,ACME,33815,NPT,2022-10-30
556,ACME,34002,NPT,2022-10-30
557,ACME,34021,NPT,2022-10-30
558,ACME,34408,NPT,2022-10-30
559,ACME,34451,NPT,2022-10-30
560,ACME,34624,NPT,2022-10-30
561,ACME,34665,NPT,2022-10-30
562,ACME,34829,NPT,2022-10-30
563,ACME,34872,NPT,2022-10-30
564,ACME,34893,NPT,2022-10-30
565,ACME,34906,NPT,2022-10-30
566,ACME,34947,NPT,2022-10-30
567,ACME,36147,NPT,2022-10-30
568,ACME,36272,NPT,2022-10-30
569,ACME,37471,NPT,2022-10-30
570,ACME,37590,NPT,2022-10-30
571,ACME,37643,NPT,2022-10-30
572,ACME,38178,NPT,2022-10-30
573,ACME,38214,NPT,2022-10-30
574,ACME,38228,NPT,2022-10-30
575,ACME,38294,NPT,2022-10-30
576,ACME,38369,NPT,2022-10-30
577,ACME,38638,NPT,2022-10-30
578,ACME,38707,NPT,2022-10-30
579,ACME,38814,NPT,2022-10-30
580,ACME,39010,NPT,2022-10-30
581,ACME,39072,NPT,2022-10-30
582,ACME,39163,NPT,2022-10-30
583,ACME,39220,NPT,2022-10-30
584,ACME,39738,NPT,2022-10-30
585,ACME,40004,NPT,2022-10-30
586,ACME,40063,NPT,2022-10-30
587,ACME,40097,NPT,2022-10-30
588,ACME,40232,NPT,2022-10-30
589,ACME,40623,NPT,2022-10-30
590,ACME,40652,NPT,2022-10-30
591,ACME,40775,NPT,2022-10-30
592,ACME,41003,NPT,2022-10-30
593,ACME,41026,NPT,2022-10-30
594,ACME,41092,NPT,2022-10-30
595,ACME,41114,NPT,2022-10-30
596,ACME,41121,NPT,2022-10-30
597,ACME,41517,NPT,2022-10-30
598,ACME,41649,NPT,2022-10-30
599,ACME,41678,NPT,2022-10-30
600,ACME,41711,NPT,2022-10-30
601,ACME,41919,NPT,2022-10-30
602,ACME,41933,NPT,2022-10-30
603,ACME,42506,NPT,2022-10-30
604,ACME,42531,NPT,2022-10-30
605,ACME,42533,NPT,2022-10-30
606,ACME,42554,NPT,2022-10-30
607,ACME,42556,NPT,2022-10-30
608,ACME,42633,NPT,2022-10-30
609,ACME,43249,NPT,2022-10-30
610,ACME,43610,NPT,2022-10-30
611,ACME,44011,NPT,2022-10-30
612,ACME,44049,NPT,2022-10-30
613,ACME,44272,NPT,2022-10-30
614,ACME,44346,NPT,2022-10-30
615,ACME,44613,NPT,2022-10-30
616,ACME,44683,NPT,2022-10-30
617,ACME,44799,NPT,2022-10-30
618,ACME,45094,NPT,2022-10-30
619,ACME,45646,NPT,2022-10-30
620,ACME,45778,NPT,2022-10-30
621,ACME,46225,NPT,2022-10-30
622,ACME,47170,NPT,2022-10-30
623,ACME,47347,NPT,2022-10-30
624,ACME,47424,NPT,2022-10-30
625,ACME,47491,NPT,2022-10-30
626,ACME,47557,NPT,2022-10-30
627,ACME,47910,NPT,2022-10-30
628,ACME,48116,NPT,2022-10-30
629,ACME,48134,NPT,2022-10-30
630,ACME,48217,NPT,2022-10-30
631,ACME,48400,NPT,2022-10-30
632,ACME,48628,NPT,2022-10-30
633,ACME,48701,NPT,2022-10-30
634,ACME,48869,NPT,2022-10-30
635,ACME,48893,NPT,2022-10-30
636,ACME,48916,NPT,2022-10-30
637,ACME,48958,NPT,2022-10-30
638,ACME,49003,NPT,2022-10-30
639,ACME,49102,NPT,2022-10-30
640,ACME,49195,NPT,2022-10-30
641,ACME,49346,NPT,2022-10-30
642,ACME,49830,NPT,2022-10-30
643,ACME,50063,NPT,2022-10-30
644,ACME,50206,NPT,2022-10-30
645,ACME,50247,NPT,2022-10-30
646,ACME,50398,NPT,2022-10-30
647,ACME,50399,NPT,2022-10-30
648,ACME,50401,NPT,2022-10-30
649,ACME,50484,NPT,2022-10-30
650,ACME,51237,NPT,2022-10-30
651,ACME,51329,NPT,2022-10-30
652,ACME,51344,NPT,2022-10-30
653,ACME,51410,NPT,2022-10-30
654,ACME,51429,NPT,2022-10-30
655,ACME,51441,NPT,2022-10-30
656,ACME,51473,NPT,2022-10-30
657,ACME,51487,NPT,2022-10-30
658,ACME,51531,NPT,2022-10-30
659,ACME,51587,NPT,2022-10-30
660,ACME,51625,NPT,2022-10-30
661,ACME,51643,NPT,2022-10-30
662,ACME,51758,NPT,2022-10-30
663,ACME,51786,NPT,2022-10-30
664,ACME,52054,NPT,2022-10-30
665,ACME,52322,NPT,2022-10-30
666,ACME,52338,NPT,2022-10-30
667,ACME,52746,NPT,2022-10-30
668,ACME,53277,NPT,2022-10-30
669,ACME,53617,NPT,2022-10-30
670,ACME,53699,NPT,2022-10-30
671,ACME,53827,NPT,2022-10-30
672,ACME,53915,NPT,2022-10-30
673,ACME,53943,NPT,2022-10-30
674,ACME,54084,NPT,2022-10-30
675,ACME,54134,NPT,2022-10-30
676,ACME,54138,NPT,2022-10-30
677,ACME,54188,NPT,2022-10-30
678,ACME,54231,NPT,2022-10-30
679,ACME,54405,NPT,2022-10-30
680,ACME,55083,NPT,2022-10-30
681,ACME,55166,NPT,2022-10-30
682,ACME,55432,NPT,2022-10-30
683,ACME,55445,NPT,2022-10-30
684,ACME,56324,NPT,2022-10-30
685,ACME,56544,NPT,2022-10-30
686,ACME,56790,NPT,2022-10-30
687,ACME,57219,NPT,2022-10-30
688,ACME,57239,NPT,2022-10-30
689,ACME,57241,NPT,2022-10-30
690,ACME,57354,NPT,2022-10-30
691,ACME,57468,NPT,2022-10-30
692,ACME,57490,NPT,2022-10-30
693,ACME,57559,NPT,2022-10-30
694,ACME,57650,NPT,2022-10-30
695,ACME,57765,NPT,2022-10-30
696,ACME,58086,NPT,2022-10-30
697,ACME,58313,NPT,2022-10-30
698,ACME,58356,NPT,2022-10-30
699,ACME,58435,NPT,2022-10-30
700,ACME,58489,NPT,2022-10-30
701,ACME,58496,NPT,2022-10-30
702,ACME,58763,NPT,2022-10-30
703,ACME,58903,NPT,2022-10-30
704,ACME,59146,NPT,2022-10-30
705,ACME,59218,NPT,2022-10-30
706,ACME,59262,NPT,2022-10-30
707,ACME,59282,NPT,2022-10-30
708,ACME,59283,NPT,2022-10-30
709,ACME,59938,NPT,2022-10-30
710,ACME,60021,NPT,2022-10-30
711,ACME,60135,NPT,2022-10-30
712,ACME,60168,NPT,2022-10-30
713,ACME,60335,NPT,2022-10-30
714,ACME,60624,NPT,2022-10-30
715,ACME,60813,NPT,2022-10-30
716,ACME,60846,NPT,2022-10-30
717,ACME,61412,NPT,2022-10-30
718,ACME,61460,NPT,2022-10-30
719,ACME,62001,NPT,2022-10-30
720,ACME,62055,NPT,2022-10-30
721,ACME,62096,NPT,2022-10-30
722,ACME,62104,NPT,2022-10-30
723,ACME,62164,NPT,2022-10-30
724,ACME,62614,NPT,2022-10-30
725,ACME,62917,NPT,2022-10-30
726,ACME,63072,NPT,2022-10-30
727,ACME,64441,NPT,2022-10-30
728,ACME,64598,NPT,2022-10-30
729,ACME,64604,NPT,2022-10-30
730,ACME,64664,NPT,2022-10-30
731,ACME,64845,NPT,2022-10-30
732,ACME,65686,NPT,2022-10-30
733,ACME,66048,NPT,2022-10-30
734,ACME,66136,NPT,2022-10-30
735,ACME,66270,NPT,2022-10-30
736,ACME,66547,NPT,2022-10-30
737,ACME,66703,NPT,2022-10-30
738,ACME,66713,NPT,2022-10-30
739,ACME,66748,NPT,2022-10-30
740,ACME,66783,NPT,2022-10-30
741,ACME,66895,NPT,2022-10-30
742,ACME,67012,NPT,2022-10-30
743,ACME,67069,NPT,2022-10-30
744,ACME,67258,NPT,2022-10-30
745,ACME,67324,NPT,2022-10-30
746,ACME,67342,NPT,2022-10-30
747,ACME,67407,NPT,2022-10-30
748,ACME,67408,NPT,2022-10-30
749,ACME,67418,NPT,2022-10-30
750,ACME,67491,NPT,2022-10-30
751,ACME,67564,NPT,2022-10-30
752,ACME,68034,NPT,2022-10-30
753,ACME,68151,NPT,2022-10-30
754,ACME,68397,NPT,2022-10-30
755,ACME,68510,NPT,2022-10-30
756,ACME,68556,NPT,2022-10-30
757,ACME,69192,NPT,2022-10-30
758,ACME,69355,NPT,2022-10-30
759,ACME,69519,NPT,2022-10-30
760,ACME,69536,NPT,2022-10-30
761,ACME,69657,NPT,2022-10-30
762,ACME,70007,NPT,2022-10-30
763,ACME,70168,NPT,2022-10-30
764,ACME,70243,NPT,2022-10-30
765,ACME,70376,NPT,2022-10-30
766,ACME,70476,NPT,2022-10-30
767,ACME,70520,NPT,2022-10-30
768,ACME,70654,NPT,2022-10-30
769,ACME,70703,NPT,2022-10-30
770,ACME,70986,NPT,2022-10-30
771,ACME,71086,NPT,2022-10-30
772,ACME,71130,NPT,2022-10-30
773,ACME,71175,NPT,2022-10-30
774,ACME,71223,NPT,2022-10-30
775,ACME,71316,NPT,2022-10-30
776,ACME,71326,NPT,2022-10-30
777,ACME,71637,NPT,2022-10-30
778,ACME,71996,NPT,2022-10-30
779,ACME,72255,NPT,2022-10-30
780,ACME,72455,NPT,2022-10-30
781,ACME,72628,NPT,2022-10-30
782,ACME,72823,NPT,2022-10-30
783,ACME,72864,NPT,2022-10-30
784,ACME,73010,NPT,2022-10-30
785,ACME,73037,NPT,2022-10-30
786,ACME,73158,NPT,2022-10-30
787,ACME,73259,NPT,2022-10-30
788,ACME,73359,NPT,2022-10-30
789,ACME,73474,NPT,2022-10-30
790,ACME,73567,NPT,2022-10-30
791,ACME,73593,NPT,2022-10-30
792,ACME,73798,NPT,2022-10-30
793,ACME,73981,NPT,2022-10-30
794,ACME,74032,NPT,2022-10-30
795,ACME,74229,NPT,2022-10-30
796,ACME,74326,NPT,2022-10-30
797,ACME,74379,NPT,2022-10-30
798,ACME,74425,NPT,2022-10-30
799,ACME,74531,NPT,2022-10-30
800,ACME,74625,NPT,2022-10-30
801,ACME,74684,NPT,2022-10-30
802,ACME,75009,NPT,2022-10-30
803,ACME,75140,NPT,2022-10-30
804,ACME,75273,NPT,2022-10-30
805,ACME,75766,NPT,2022-10-30
806,ACME,75866,NPT,2022-10-30
807,ACME,75967,NPT,2022-10-30
808,ACME,76046,NPT,2022-10-30
809,ACME,76598,NPT,2022-10-30
810,ACME,78045,NPT,2022-10-30
811,ACME,78286,NPT,2022-10-30
812,ACME,78390,NPT,2022-10-30
813,ACME,78510,NPT,2022-10-30
814,ACME,78718,NPT,2022-10-30
815,ACME,79141,NPT,2022-10-30
816,ACME,79154,NPT,2022-10-30
817,ACME,79233,NPT,2022-10-30
818,ACME,79269,NPT,2022-10-30
819,ACME,79452,NPT,2022-10-30
820,ACME,79504,NPT,2022-10-30
821,ACME,79591,NPT,2022-10-30
822,ACME,79683,NPT,2022-10-30
823,ACME,80004,NPT,2022-10-30
824,ACME,80010,NPT,2022-10-30
825,ACME,80042,NPT,2022-10-30
826,ACME,80081,NPT,2022-10-30
827,ACME,80082,NPT,2022-10-30
828,ACME,80143,NPT,2022-10-30
829,ACME,80301,NPT,2022-10-30
830,ACME,81526,NPT,2022-10-30
831,ACME,82504,NPT,2022-10-30
832,ACME,83046,NPT,2022-10-30
833,ACME,83132,NPT,2022-10-30
834,ACME,83567,NPT,2022-10-30
835,ACME,84246,NPT,2022-10-30
836,ACME,84391,NPT,2022-10-30
837,ACME,84401,NPT,2022-10-30
838,ACME,84843,NPT,2022-10-30
839,ACME,84903,NPT,2022-10-30
840,ACME,85224,NPT,2022-10-30
841,ACME,85237,NPT,2022-10-30
842,ACME,85384,NPT,2022-10-30
843,ACME,85590,NPT,2022-10-30
844,ACME,86628,NPT,2022-10-30
845,ACME,86970,NPT,2022-10-30
846,ACME,87002,NPT,2022-10-30
847,ACME,87220,NPT,2022-10-30
848,ACME,87382,NPT,2022-10-30
849,ACME,87430,NPT,2022-10-30
850,ACME,87840,NPT,2022-10-30
851,ACME,88028,NPT,2022-10-30
852,ACME,88057,NPT,2022-10-30
853,ACME,88199,NPT,2022-10-30
854,ACME,88618,NPT,2022-10-30
855,ACME,89127,NPT,2022-10-30
856,ACME,89176,NPT,2022-10-30
857,ACME,89917,NPT,2022-10-30
858,ACME,90010,NPT,2022-10-30
859,ACME,90012,NPT,2022-10-30
860,ACME,90054,NPT,2022-10-30
861,ACME,90119,NPT,2022-10-30
862,ACME,90128,NPT,2022-10-30
863,ACME,90190,NPT,2022-10-30
864,ACME,90397,NPT,2022-10-30
865,ACME,90696,NPT,2022-10-30
866,ACME,90829,NPT,2022-10-30
867,ACME,90906,NPT,2022-10-30
868,ACME,91018,NPT,2022-10-30
869,ACME,91024,NPT,2022-10-30
870,ACME,91118,NPT,2022-10-30
871,ACME,91626,NPT,2022-10-30
872,ACME,91661,NPT,2022-10-30
873,ACME,91666,NPT,2022-10-30
874,ACME,91683,NPT,2022-10-30
875,ACME,91818,NPT,2022-10-30
876,ACME,92012,NPT,2022-10-30
877,ACME,92124,NPT,2022-10-30
878,ACME,92144,NPT,2022-10-30
879,ACME,92147,NPT,2022-10-30
880,ACME,92158,NPT,2022-10-30
881,ACME,92171,NPT,2022-10-30
882,ACME,92286,NPT,2022-10-30
883,ACME,92292,NPT,2022-10-30
884,ACME,92362,NPT,2022-10-30
885,ACME,92469,NPT,2022-10-30
886,ACME,92535,NPT,2022-10-30
887,ACME,92601,NPT,2022-10-30
888,ACME,92669,NPT,2022-10-30
889,ACME,92722,NPT,2022-10-30
890,ACME,92823,NPT,2022-10-30
891,ACME,92857,NPT,2022-10-30
892,ACME,93018,NPT,2022-10-30
893,ACME,93062,NPT,2022-10-30
894,ACME,93064,NPT,2022-10-30
895,ACME,93219,NPT,2022-10-30
896,ACME,93301,NPT,2022-10-30
897,ACME,93937,NPT,2022-10-30
898,ACME,94023,NPT,2022-10-30
899,ACME,94064,NPT,2022-10-30
900,ACME,94071,NPT,2022-10-30
901,ACME,94076,NPT,2022-10-30
902,ACME,94149,NPT,2022-10-30
903,ACME,94189,NPT,2022-10-30
904,ACME,94365,NPT,2022-10-30
905,ACME,94397,NPT,2022-10-30
906,ACME,94509,NPT,2022-10-30
907,ACME,95029,NPT,2022-10-30
908,ACME,95060,NPT,2022-10-30
909,ACME,95195,NPT,2022-10-30
910,ACME,95207,NPT,2022-10-30
911,ACME,95312,NPT,2022-10-30
912,ACME,95380,NPT,2022-10-30
913,ACME,95809,NPT,2022-10-30
914,ACME,95906,NPT,2022-10-30
915,ACME,95915,NPT,2022-10-30
916,ACME,95916,NPT,2022-10-30
917,ACME,95941,NPT,2022-10-30
918,ACME,95996,NPT,2022-10-30
919,ACME,96019,NPT,2022-10-30
920,ACME,96089,NPT,2022-10-30
921,ACME,97026,NPT,2022-10-30
922,ACME,97074,NPT,2022-10-30
923,ACME,97366,NPT,2022-10-30
924,ACME,97373,NPT,2022-10-30
925,ACME,97414,NPT,2022-10-30
926,ACME,97803,NPT,2022-10-30
927,ACME,97853,NPT,2022-10-30
928,ACME,97875,NPT,2022-10-30
929,ACME,98031,NPT,2022-10-30
930,ACME,98111,NPT,2022-10-30
931,ACME,98416,NPT,2022-10-30
932,ACME,98417,NPT,2022-10-30
933,ACME,98593,NPT,2022-10-30
934,ACME,98716,NPT,2022-10-30
935,ACME,99267,NPT,2022-10-30
936,ACME,99633,NPT,2022-10-30
937,ACME,99898,NPT,2022-10-30
938,ACME,100068,NPT,2022-10-30
939,ACME,100125,NPT,2022-10-30
940,ACME,100179,NPT,2022-10-30
941,ACME,100203,NPT,2022-10-30
942,ACME,100253,NPT,2022-10-30
943,ACME,100335,NPT,2022-10-30
944,ACME,100362,NPT,2022-10-30
945,ACME,100377,NPT,2022-10-30
946,ACME,100381,NPT,2022-10-30
947,ACME,100408,NPT,2022-10-30
948,ACME,100416,NPT,2022-10-30
949,ACME,100424,NPT,2022-10-30
950,ACME,100436,NPT,2022-10-30
951,ACME,100508,NPT,2022-10-30
952,ACME,100612,NPT,2022-10-30
953,ACME,100636,NPT,2022-10-30
954,ACME,100699,NPT,2022-10-30
955,ACME,100771,NPT,2022-10-30
956,ACME,100776,NPT,2022-10-30
957,ACME,100789,NPT,2022-10-30
958,ACME,100831,NPT,2022-10-30
959,ACME,100842,NPT,2022-10-30
960,ACME,100965,NPT,2022-10-30
961,ACME,101121,NPT,2022-10-30
962,ACME,101183,NPT,2022-10-30
963,ACME,101391,NPT,2022-10-30
964,ACME,101405,NPT,2022-10-30
965,ACME,101475,NPT,2022-10-30
966,ACME,101523,NPT,2022-10-30
967,ACME,101620,NPT,2022-10-30
968,ACME,101813,NPT,2022-10-30
969,ACME,101996,NPT,2022-10-30
970,ACME,102002,NPT,2022-10-30
971,ACME,102092,NPT,2022-10-30
972,ACME,102159,NPT,2022-10-30
973,ACME,102438,NPT,2022-10-30
974,ACME,104710,NPT,2022-10-30
975,ACME,104761,NPT,2022-10-30
976,ACME,105158,NPT,2022-10-30
977,ACME,108020,NPT,2022-10-30
978,ACME,108067,NPT,2022-10-30
979,ACME,109246,NPT,2022-10-30
980,ACME,109495,NPT,2022-10-30
981,ACME,109500,NPT,2022-10-30
982,ACME,109564,NPT,2022-10-30
983,ACME,110051,NPT,2022-10-30
984,ACME,110059,NPT,2022-10-30
985,ACME,110156,NPT,2022-10-30
986,ACME,110191,NPT,2022-10-30
987,ACME,110210,NPT,2022-10-30
988,ACME,110308,NPT,2022-10-30
989,ACME,110492,NPT,2022-10-30
990,ACME,110530,NPT,2022-10-30
991,ACME,110601,NPT,2022-10-30
992,ACME,110652,NPT,2022-10-30
993,ACME,110893,NPT,2022-10-30
994,ACME,110921,NPT,2022-10-30
995,ACME,111098,NPT,2022-10-30
996,ACME,111117,NPT,2022-10-30
997,ACME,111238,NPT,2022-10-30
998,ACME,111271,NPT,2022-10-30
999,ACME,111418,NPT,2022-10-30
1000,ACME,111525,NPT,2022-10-30
1001,ACME,111612,NPT,2022-10-30
1002,ACME,111646,NPT,2022-10-30
1003,ACME,111657,NPT,2022-10-30
1004,ACME,111722,NPT,2022-10-30
1005,ACME,111944,NPT,2022-10-30
1006,ACME,111945,NPT,2022-10-30
1007,ACME,111947,NPT,2022-10-30
1008,ACME,111958,NPT,2022-10-30
1009,ACME,112001,NPT,2022-10-30
1010,ACME,112294,NPT,2022-10-30
1011,ACME,112416,NPT,2022-10-30
1012,ACME,112425,NPT,2022-10-30
1013,ACME,112466,NPT,2022-10-30
1014,ACME,112744,NPT,2022-10-30
1015,ACME,112817,NPT,2022-10-30
1016,ACME,112826,NPT,2022-10-30
1017,ACME,112883,NPT,2022-10-30
1018,ACME,112889,NPT,2022-10-30
1019,ACME,113036,NPT,2022-10-30
1020,ACME,113059,NPT,2022-10-30
1021,ACME,113172,NPT,2022-10-30
1022,ACME,113183,NPT,2022-10-30
1023,ACME,113204,NPT,2022-10-30
1024,ACME,113216,NPT,2022-10-30
1025,ACME,113232,NPT,2022-10-30
1026,ACME,113291,NPT,2022-10-30
1027,ACME,113402,NPT,2022-10-30
1028,ACME,114176,NPT,2022-10-30
1029,ACME,114242,NPT,2022-10-30
1030,ACME,116065,NPT,2022-10-30
1031,ACME,117082,NPT,2022-10-30
1032,ACME,117883,NPT,2022-10-30
1033,ACME,119302,NPT,2022-10-30
1034,ACME,120043,NPT,2022-10-30
1035,ACME,120077,NPT,2022-10-30
1036,ACME,120135,NPT,2022-10-30
1037,ACME,120219,NPT,2022-10-30
1038,ACME,121522,NPT,2022-10-30
1039,ACME,121570,NPT,2022-10-30
1040,ACME,122227,NPT,2022-10-30
1041,ACME,122297,NPT,2022-10-30
1042,ACME,122722,NPT,2022-10-30
1043,ACME,124104,NPT,2022-10-30
1044,ACME,124367,NPT,2022-10-30
1045,ACME,125602,NPT,2022-10-30
1046,ACME,128054,NPT,2022-10-30
1047,ACME,130017,NPT,2022-10-30
1048,ACME,131404,NPT,2022-10-30
1049,ACME,132088,NPT,2022-10-30
1050,ACME,132604,NPT,2022-10-30
1051,ACME,135423,NPT,2022-10-30
1052,ACME,135760,NPT,2022-10-30
1053,ACME,136098,NPT,2022-10-30
1054,ACME,136198,NPT,2022-10-30
1055,ACME,137408,NPT,2022-10-30
1056,ACME,137528,NPT,2022-10-30
1057,ACME,137593,NPT,2022-10-30
1058,ACME,137678,NPT,2022-10-30
1059,ACME,138394,NPT,2022-10-30
1060,ACME,138506,NPT,2022-10-30
1061,ACME,140015,NPT,2022-10-30
1062,ACME,140056,NPT,2022-10-30
1063,ACME,140076,NPT,2022-10-30
1064,ACME,140087,NPT,2022-10-30
1065,ACME,140184,NPT,2022-10-30
1066,ACME,141070,NPT,2022-10-30
1067,ACME,141123,NPT,2022-10-30
1068,ACME,141468,NPT,2022-10-30
1069,ACME,142243,NPT,2022-10-30
1070,ACME,146215,NPT,2022-10-30
1071,ACME,146649,NPT,2022-10-30
1072,ACME,150026,NPT,2022-10-30
1073,ACME,150306,NPT,2022-10-30
1074,ACME,150777,NPT,2022-10-30
1075,ACME,150919,NPT,2022-10-30
1076,ACME,151005,NPT,2022-10-30
1077,ACME,151086,NPT,2022-10-30
1078,ACME,151238,NPT,2022-10-30
1079,ACME,151429,NPT,2022-10-30
1080,ACME,151635,NPT,2022-10-30
1081,ACME,151963,NPT,2022-10-30
1082,ACME,151977,NPT,2022-10-30
1083,ACME,152112,NPT,2022-10-30
1084,ACME,152278,NPT,2022-10-30
1085,ACME,153081,NPT,2022-10-30
1086,ACME,153172,NPT,2022-10-30
1087,ACME,153542,NPT,2022-10-30
1088,ACME,154821,NPT,2022-10-30
1089,ACME,154922,NPT,2022-10-30
1090,ACME,155093,NPT,2022-10-30
1091,ACME,157308,NPT,2022-10-30
1092,ACME,158372,NPT,2022-10-30
1093,ACME,158620,NPT,2022-10-30
1094,ACME,159258,NPT,2022-10-30
1095,ACME,159340,NPT,2022-10-30
1096,ACME,159396,NPT,2022-10-30
1097,ACME,159615,NPT,2022-10-30
1098,ACME,159713,NPT,2022-10-30
1099,ACME,159951,NPT,2022-10-30
1100,ACME,160017,NPT,2022-10-30
1101,ACME,160077,NPT,2022-10-30
1102,ACME,160189,NPT,2022-10-30
1103,ACME,160403,NPT,2022-10-30
1104,ACME,160601,NPT,2022-10-30
1105,ACME,160741,NPT,2022-10-30
1106,ACME,160989,NPT,2022-10-30
1107,ACME,161065,NPT,2022-10-30
1108,ACME,161097,NPT,2022-10-30
1109,ACME,161176,NPT,2022-10-30
1110,ACME,163375,NPT,2022-10-30
1111,ACME,163586,NPT,2022-10-30
1112,ACME,165147,NPT,2022-10-30
1113,ACME,165565,NPT,2022-10-30
1114,ACME,165633,NPT,2022-10-30
1115,ACME,168415,NPT,2022-10-30
1116,ACME,168481,NPT,2022-10-30
1117,ACME,170095,NPT,2022-10-30
1118,ACME,170460,NPT,2022-10-30
1119,ACME,170486,NPT,2022-10-30
1120,ACME,170499,NPT,2022-10-30
1121,ACME,170571,NPT,2022-10-30
1122,ACME,170798,NPT,2022-10-30
1123,ACME,171517,NPT,2022-10-30
1124,ACME,171721,NPT,2022-10-30
1125,ACME,171748,NPT,2022-10-30
1126,ACME,172020,NPT,2022-10-30
1127,ACME,175179,NPT,2022-10-30
1128,ACME,175361,NPT,2022-10-30
1129,ACME,175521,NPT,2022-10-30
1130,ACME,175643,NPT,2022-10-30
1131,ACME,178257,NPT,2022-10-30
1132,ACME,178439,NPT,2022-10-30
1133,ACME,180140,NPT,2022-10-30
1134,ACME,180152,NPT,2022-10-30
1135,ACME,180394,NPT,2022-10-30
1136,ACME,181433,NPT,2022-10-30
1137,ACME,181743,NPT,2022-10-30
1138,ACME,181764,NPT,2022-10-30
1139,ACME,181809,NPT,2022-10-30
1140,ACME,181955,NPT,2022-10-30
1141,ACME,182089,NPT,2022-10-30
1142,ACME,188602,NPT,2022-10-30
1143,ACME,189492,NPT,2022-10-30
1144,ACME,190021,NPT,2022-10-30
1145,ACME,190237,NPT,2022-10-30
1146,ACME,190443,NPT,2022-10-30
1147,ACME,190528,NPT,2022-10-30
1148,ACME,190531,NPT,2022-10-30
1149,ACME,190578,NPT,2022-10-30
1150,ACME,191689,NPT,2022-10-30
1151,ACME,191859,NPT,2022-10-30
1152,ACME,192152,NPT,2022-10-30
1153,ACME,192330,NPT,2022-10-30
1154,ACME,192622,NPT,2022-10-30
1155,ACME,192986,NPT,2022-10-30
1156,ACME,193830,NPT,2022-10-30
1157,ACME,194422,NPT,2022-10-30
1158,ACME,195037,NPT,2022-10-30
1159,ACME,197913,NPT,2022-10-30
1160,ACME,198102,NPT,2022-10-30
1161,ACME,198276,NPT,2022-10-30